<metadata xml:lang="en"><Esri><CreaDate>20201118</CreaDate><CreaTime>00000000</CreaTime><ArcGISFormat>1.0</ArcGISFormat><ArcGISstyle>ISO 19139 Metadata Implementation Specification</ArcGISstyle><SyncOnce>FALSE</SyncOnce><DataProperties><itemProps><itemName Sync="TRUE">AK_aviation_noise_2018.tif</itemName><itemSize Sync="TRUE"></itemSize><itemLocation><linkage Sync="FALSE">withheld</linkage><protocol Sync="TRUE">Local Area Network</protocol></itemLocation><nativeExtBox><westBL Sync="TRUE">-568175.687400</westBL><eastBL Sync="TRUE">1401054.312600</eastBL><southBL Sync="TRUE">808661.016100</southBL><northBL Sync="TRUE">2372021.016100</northBL><exTypeCode Sync="TRUE">1</exTypeCode></nativeExtBox><imsContentType Sync="TRUE" export="False">002</imsContentType></itemProps><coordRef><type Sync="TRUE">Projected</type><geogcsn Sync="TRUE">GCS_North_American_1983</geogcsn><csUnits Sync="TRUE">Linear Unit: Meter (1.000000)</csUnits><peXml Sync="TRUE">&lt;ProjectedCoordinateSystem xsi:type='typens:ProjectedCoordinateSystem' xmlns:xsi='http://www.w3.org/2001/XMLSchema-instance' xmlns:xs='http://www.w3.org/2001/XMLSchema' xmlns:typens='http://www.esri.com/schemas/ArcGIS/10.6'&gt;&lt;WKT&gt;PROJCS[&amp;quot;NAD_1983_Alaska_Albers&amp;quot;,GEOGCS[&amp;quot;GCS_North_American_1983&amp;quot;,DATUM[&amp;quot;D_North_American_1983&amp;quot;,SPHEROID[&amp;quot;GRS_1980&amp;quot;,6378137.0,298.257222101]],PRIMEM[&amp;quot;Greenwich&amp;quot;,0.0],UNIT[&amp;quot;Degree&amp;quot;,0.0174532925199433]],PROJECTION[&amp;quot;Albers&amp;quot;],PARAMETER[&amp;quot;False_Easting&amp;quot;,0.0],PARAMETER[&amp;quot;False_Northing&amp;quot;,0.0],PARAMETER[&amp;quot;Central_Meridian&amp;quot;,-154.0],PARAMETER[&amp;quot;Standard_Parallel_1&amp;quot;,55.0],PARAMETER[&amp;quot;Standard_Parallel_2&amp;quot;,65.0],PARAMETER[&amp;quot;Latitude_Of_Origin&amp;quot;,50.0],UNIT[&amp;quot;Meter&amp;quot;,1.0],AUTHORITY[&amp;quot;EPSG&amp;quot;,3338]]&lt;/WKT&gt;&lt;XOrigin&gt;-13752200&lt;/XOrigin&gt;&lt;YOrigin&gt;-8948200&lt;/YOrigin&gt;&lt;XYScale&gt;327482121.21482342&lt;/XYScale&gt;&lt;ZOrigin&gt;-100000&lt;/ZOrigin&gt;&lt;ZScale&gt;10000&lt;/ZScale&gt;&lt;MOrigin&gt;-100000&lt;/MOrigin&gt;&lt;MScale&gt;10000&lt;/MScale&gt;&lt;XYTolerance&gt;0.001&lt;/XYTolerance&gt;&lt;ZTolerance&gt;0.001&lt;/ZTolerance&gt;&lt;MTolerance&gt;0.001&lt;/MTolerance&gt;&lt;HighPrecision&gt;true&lt;/HighPrecision&gt;&lt;WKID&gt;102006&lt;/WKID&gt;&lt;LatestWKID&gt;3338&lt;/LatestWKID&gt;&lt;/ProjectedCoordinateSystem&gt;</peXml><projcsn Sync="TRUE">NAD_1983_Alaska_Albers</projcsn></coordRef><RasterProperties><General><PixelDepth Sync="TRUE">32</PixelDepth><HasColormap Sync="TRUE">FALSE</HasColormap><CompressionType Sync="TRUE">LZW</CompressionType><NumBands Sync="TRUE">1</NumBands><Format Sync="TRUE">TIFF</Format><HasPyramids Sync="TRUE">TRUE</HasPyramids><SourceType Sync="TRUE">continuous</SourceType><PixelType Sync="TRUE">floating point</PixelType><NoDataValue Sync="TRUE">-3.4028231e+38</NoDataValue></General></RasterProperties></DataProperties><SyncDate>20201113</SyncDate><SyncTime>11343100</SyncTime><ModDate>20201113</ModDate><ModTime>11343100</ModTime><scaleRange><minScale>150000000</minScale><maxScale>5000</maxScale></scaleRange><ArcGISProfile>ISO19139</ArcGISProfile></Esri><mdLang><languageCode value="eng"/><countryCode value="USA" Sync="TRUE"/></mdLang><mdChar><CharSetCd value="004"/></mdChar><mdHrLv><ScopeCd value="005"/></mdHrLv><mdDateSt Sync="TRUE">20201113</mdDateSt><mdStanName>ArcGIS Metadata</mdStanName><mdStanVer>1.0</mdStanVer><distInfo xmlns=""><distributor xmlns=""><distorCont xmlns=""><rpIndName>National Transportation Atlas Databases (NTAD)</rpIndName><rpOrgName>Office of the Assistant Secretary for Research and Technology/Bureau of Transportation Statistics</rpOrgName><rpPosName>Geospatial Information Systems</rpPosName><rpCntInfo xmlns=""><cntPhone><voiceNum tddtty="">202-366-DATA</voiceNum></cntPhone><cntAddress addressType=""><delPoint>1200 New Jersey Ave. SE</delPoint><city>Washington</city><adminArea>DC</adminArea><postCode>20590</postCode><eMailAdd>ntad@dot.gov</eMailAdd></cntAddress></rpCntInfo><role><RoleCd value="007"/></role><displayName>National Transportation Atlas Databases (NTAD)</displayName><displayName>National Transportation Atlas Databases (NTAD)</displayName><displayName>National Transportation Atlas Databases (NTAD)</displayName></distorCont><distorOrdPrc xmlns=""><resFees units="">None</resFees><planAvDtTm>2020-11-18T00:00:00</planAvDtTm><ordInstr>Please contact BTS at 202-366-DATA or answers@BTS.gov or NTAD at ntad@dot.gov.</ordInstr></distorOrdPrc><distorFormat xmlns=""><formatName>ESRI File Geodatabase</formatName><formatVer>2020</formatVer><fileDecmTech>No compression applied. However, if using digital transfer online option, note access instructions.</fileDecmTech></distorFormat><distorTran xmlns=""><onLineSrc xmlns=""><linkage></linkage><orDesc></orDesc></onLineSrc></distorTran></distributor><distFormat><formatName Sync="TRUE">Raster Dataset</formatName></distFormat></distInfo><dataIdInfo><idCitation xmlns=""><resTitle Sync="FALSE">Alaska Aviation Noise</resTitle><date><pubDate>2020-11-18T00:00:00</pubDate></date><presForm xmlns=""><PresFormCd value="005"/><fgdcGeoform>raster digital data</fgdcGeoform></presForm><citRespParty xmlns=""><rpOrgName>Office of the Assistant Secretary for Research and Technology/Bureau of Transportation Statistics, Office of Spatial Analysis and Visualization</rpOrgName><role><RoleCd value="006"/></role></citRespParty></idCitation><idAbs>&lt;DIV STYLE="text-align:Left;"&gt;&lt;DIV&gt;&lt;DIV&gt;&lt;P&gt;&lt;SPAN&gt;The National Transportation Noise Map dataset is current as of October 2020, published by Volpe and the Bureau of Transportation Statistics (BTS), and part of U.S. Department of Transportation (USDOT)/ BTS' National Transportation Atlas Database (NTAD). This dataset is developed using a 24-hr equivalent sound level (LEQ, denoted by LAeq) noise metrics. The results are A-weighted noise levels that represent the approximate average noise energy due to transportation noise sources over the 24-hour period at the defined receptors. This map includes simplified noise modeling and is intended for the tracking of trends, it should not be used to evaluate noise levels in individual locations or at specific times.&lt;/SPAN&gt;&lt;/P&gt;&lt;/DIV&gt;&lt;/DIV&gt;&lt;/DIV&gt;</idAbs><idPurp>The dataset provides noise data to facilitate the tracking of trends in transportation-related noise. This dataset includes results from simplified noise modeling methods and should not be used to evaluate noise levels in individual locations. For a full description of methodologies and assumptions visit the Bureau of Transportation Statistics website and search for the National Transportation Noise Mapping Tool.</idPurp><idCredit>Acknowledgement of the Bureau of Transportation Statistics (BTS) and the Volpe National Transportation Systems Center (Volpe).</idCredit><idStatus><ProgCd value="007"/></idStatus><resMaint xmlns=""><maintFreq><MaintFreqCd value="Biennial"/></maintFreq></resMaint><placeKeys xmlns=""><keyword>USA, North America, Alaska</keyword></placeKeys><stratKeys xmlns=""><keyword>Aviation</keyword></stratKeys><tempKeys xmlns=""><keyword>2018</keyword></tempKeys><themeKeys xmlns=""><keyword>transportation, network, analysis, BTS, noise, airport, aviation</keyword></themeKeys><searchKeys><keyword>Aviation, Alaska, AK, USA, National, NTAD, National Transportation Atlas Database, Transportation, Atlas, Database, Aviation, Noise, Image service, Energy and Environment, Energy, Environment, Raster, Analysis, Network, BTS, Acoustic, sound, algorithm, 2018</keyword></searchKeys><resConst><LegConsts xmlns=""><useLimit>None</useLimit></LegConsts></resConst><resConst><SecConsts xmlns=""><class><ClasscationCd value="001"/></class></SecConsts></resConst><resConst><Consts xmlns=""><useLimit>&lt;DIV STYLE="text-align:Left;"&gt;&lt;DIV&gt;&lt;DIV&gt;&lt;P&gt;&lt;SPAN&gt;NTAD datasets are intended for public usage and are not for sale or resale. The National Transportation Noise Map and associated data were developed for national level analysis and includes simplified noise modeling. It is intended for the tracking of trends and should not be used to evaluate noise levels in individual locations or at specific times. There are potential differences in the data sources and the complexity of the models used for noise modeling depending on type of analysis. The term "potential to be exposed" is used because there are several conservative assumptions that go into the analysis. If any one of those assumptions were to change, the noise exposure numbers could also change. For example, the documentation states "Shielding is not considered (i.e. attenuation due to barriers and terrain are not considered)"; for areas that have shielding, the noise levels may be overestimated. The average implies that sound levels could be both higher and lower, depending upon time of day, season of the year, etc. Additionally, sounds from transportation sources other than aviation, road, and passenger rail (e.g. freight rail and maritime) as well as non-transportation sources are not considered. Sounds from things such as construction sites, rock quarries, power plants, etc., could dampen some of the transportation noise.&lt;/SPAN&gt;&lt;/P&gt;&lt;/DIV&gt;&lt;/DIV&gt;&lt;/DIV&gt;</useLimit></Consts></resConst><dataLang><languageCode value="eng"/><countryCode value="USA" Sync="TRUE"/></dataLang><envirDesc Sync="TRUE"> Version 6.2 (Build 9200) ; Esri ArcGIS 10.6.1.9270</envirDesc><dataChar><CharSetCd value="004"/></dataChar><dataExt xmlns=""><geoEle xmlns=""><GeoBndBox esriExtentType="search"><westBL>-568175.6874</westBL><eastBL>1401054.3126</eastBL><northBL>2372021.0161</northBL><southBL>808661.0161</southBL></GeoBndBox></geoEle><tempEle><TempExtent><exTemp><TM_Instant><tmPosition>2020-11-18T00:00:00</tmPosition></TM_Instant></exTemp></TempExtent></tempEle></dataExt><idPoC xmlns=""><rpIndName>National Transportation Atlas Databases (NTAD)</rpIndName><rpOrgName>Office of the Assistant Secretary for Research and Technology/Bureau of Transportation Statistics</rpOrgName><rpPosName>Geospatial Information Systems</rpPosName><rpCntInfo xmlns=""><cntPhone><voiceNum tddtty="">202-366-DATA</voiceNum></cntPhone><cntAddress addressType=""><delPoint>1200 New Jersey Ave. SE</delPoint><city>Washington</city><adminArea>DC</adminArea><postCode>20590</postCode><eMailAdd>answers@BTS.gov</eMailAdd></cntAddress></rpCntInfo><role><RoleCd value="007"/></role><displayName>National Transportation Atlas Databases (NTAD)</displayName><displayName>National Transportation Atlas Databases (NTAD)</displayName></idPoC><aggrInfo xmlns=""><assocType><AscTypeCd value="001"/></assocType><aggrDSName xmlns=""><resTitle>National Transportation Atlas Databases (NTAD)</resTitle><date><pubDate>2020-11-18T00:00:00</pubDate></date><presForm xmlns=""><fgdcGeoform>raster digital data</fgdcGeoform><PresFormCd value="005"/></presForm><citOnlineRes xmlns=""><linkage>https://www.bts.gov/geospatial/national-transportation-atlas-database</linkage></citOnlineRes></aggrDSName></aggrInfo><tpCat><TopicCatCd value="018"/></tpCat><spatRpType><SpatRepTypCd value="002" Sync="TRUE"></SpatRepTypCd></spatRpType></dataIdInfo><mdMaint xmlns=""><maintFreq><MaintFreqCd value="Biennial"/></maintFreq></mdMaint><dqInfo xmlns=""><dataLineage><statement>n/a</statement></dataLineage></dqInfo><mdHrLvName Sync="TRUE">dataset</mdHrLvName><spdoinfo><ptvctinf></ptvctinf></spdoinfo><spatRepInfo><GridSpatRep xmlns=""><numDims>2</numDims><cellGeo><CellGeoCd value="002"/></cellGeo><tranParaAv>False</tranParaAv></GridSpatRep><Georect><cellGeo><CellGeoCd Sync="TRUE" value="002"></CellGeoCd></cellGeo><numDims Sync="TRUE">2</numDims><tranParaAv Sync="TRUE">1</tranParaAv><chkPtAv Sync="TRUE">0</chkPtAv><cornerPts><pos Sync="TRUE">-568175.687400 808661.016100</pos></cornerPts><cornerPts><pos Sync="TRUE">-568175.687400 2372021.016100</pos></cornerPts><cornerPts><pos Sync="TRUE">1401054.312600 2372021.016100</pos></cornerPts><cornerPts><pos Sync="TRUE">1401054.312600 808661.016100</pos></cornerPts><centerPt><pos Sync="TRUE">416439.312600 1590341.016100</pos></centerPt><axisDimension type="002"><dimSize Sync="TRUE">65641</dimSize><dimResol><value Sync="TRUE" uom="m">30.000000</value></dimResol></axisDimension><axisDimension type="001"><dimSize Sync="TRUE">52112</dimSize><dimResol><value Sync="TRUE" uom="m">30.000000</value></dimResol></axisDimension><ptInPixel><PixOrientCd Sync="TRUE" value="001"></PixOrientCd></ptInPixel></Georect></spatRepInfo><mdContact xmlns=""><rpOrgName>BTS</rpOrgName><role><RoleCd value="007"/></role></mdContact><refSysInfo><RefSystem><refSysID><identCode code="3338" Sync="TRUE"></identCode><idCodeSpace Sync="TRUE">EPSG</idCodeSpace><idVersion Sync="TRUE">6.12(9.3.0.0)</idVersion></refSysID></RefSystem></refSysInfo><contInfo><ImgDesc><contentTyp><ContentTypCd Sync="TRUE" value="001"></ContentTypCd></contentTyp><covDim><Band><dimDescrp Sync="TRUE">Band_1</dimDescrp><maxVal Sync="TRUE">100.190422</maxVal><minVal Sync="TRUE">45.000000</minVal><bitsPerVal Sync="TRUE">32</bitsPerVal><valUnit><UOM type="length"></UOM></valUnit></Band></covDim></ImgDesc></contInfo></metadata>
